id,name,age,interests
1,Kelly Francis,30,"DRINK,RUN,SHOPPING,TRAVELLING,TENNIS"
2,Kenneth Mitchell,25,"RUN,ART,DRINK,MUSIC"
3,Rebecca Hartman,22,"EXTREME,PHOTOGRAPHY,RUN,VIDEO_GAMES,ART,KARAOKE,SWIMMING"
4,Sharon Hall,38,"SWIMMING,VIDEO_GAMES,SHOPPING,ART,DRINK,YOGA,TENNIS,RUN,EXTREME"
5,Sean Lopez,39,"MUSIC,SHOPPING,TRAVELLING,PHOTOGRAPHY,DRINK,TENNIS,COOKING,SWIMMING"
6,Austin Davidson,38,"SWIMMING,VIDEO_GAMES,MUSIC,KARAOKE,PHOTOGRAPHY,DRINK,TENNIS"
7,Margaret Campbell,26,"PHOTOGRAPHY,DRINK,COOKING,SWIMMING,SHOPPING,TRAVELLING,ART,TENNIS"
8,Jacqueline Newman,35,"TRAVELLING,EXTREME,RUN,YOGA,SWIMMING,COOKING,KARAOKE,MUSIC"
9,Warren Moore,27,"EXTREME,YOGA,VIDEO_GAMES,TRAVELLING,KARAOKE,PHOTOGRAPHY"
10,Andrew Jones,37,"COOKING,EXTREME,DRINK,TENNIS,TRAVELLING,KARAOKE,PHOTOGRAPHY,MUSIC"
11,Mr. Thomas Bailey,27,"COOKING,VIDEO_GAMES,TENNIS,ART,DRINK,RUN,PHOTOGRAPHY,YOGA"
12,Kimberly Jacobs,32,"MUSIC,VIDEO_GAMES,PHOTOGRAPHY,SHOPPING,RUN,ART,SWIMMING,EXTREME,DRINK,TRAVELLING"
13,Kristin Case,39,"EXTREME,KARAOKE,TENNIS,DRINK,COOKING,ART,SWIMMING,TRAVELLING,MUSIC"
14,Jose Becker MD,30,"YOGA,KARAOKE,RUN,SHOPPING,SWIMMING,EXTREME,TENNIS,COOKING,DRINK"
15,Francisco Chavez,28,TRAVELLING
16,Maria Silva,33,"VIDEO_GAMES,TENNIS,PHOTOGRAPHY,YOGA,SWIMMING,EXTREME"
17,Andrew Morris,18,"SWIMMING,TRAVELLING,EXTREME"
18,Christopher Pierce,29,"KARAOKE,EXTREME,COOKING,SWIMMING,TENNIS,YOGA"
19,Michelle Frank,38,"SWIMMING,RUN,TRAVELLING,COOKING,VIDEO_GAMES,MUSIC,ART"
20,Michael Glenn,19,"RUN,TRAVELLING,PHOTOGRAPHY"
21,Linda Fry,36,"SHOPPING,EXTREME,RUN,COOKING,VIDEO_GAMES"
22,Leah Johnson,35,"ART,COOKING,SWIMMING"
23,Reginald Hicks,33,"MUSIC,PHOTOGRAPHY,VIDEO_GAMES,RUN,TENNIS,ART,EXTREME,COOKING,TRAVELLING"
24,Paul Rhodes,37,"COOKING,TENNIS,TRAVELLING,DRINK,ART,RUN,KARAOKE,SWIMMING,VIDEO_GAMES"
25,Cheryl Crawford,26,"KARAOKE,YOGA,SHOPPING,COOKING,ART,EXTREME,PHOTOGRAPHY,MUSIC,TENNIS,VIDEO_GAMES"
26,Paul Wood,23,"VIDEO_GAMES,TRAVELLING,SWIMMING,EXTREME,COOKING,RUN,YOGA"
27,Katrina Miller,35,"EXTREME,SHOPPING,TENNIS,SWIMMING,MUSIC,ART"
28,Troy French,34,"DRINK,ART,COOKING,VIDEO_GAMES,EXTREME,TENNIS,KARAOKE,MUSIC"
29,Andrew Hart,18,"PHOTOGRAPHY,YOGA,VIDEO_GAMES,KARAOKE,SWIMMING,TENNIS,TRAVELLING,DRINK,EXTREME,COOKING"
30,Dorothy Bradley,21,RUN
31,Melanie Lopez,31,"SWIMMING,PHOTOGRAPHY,KARAOKE,YOGA,SHOPPING,TENNIS,COOKING,DRINK,VIDEO_GAMES"
32,Brad Howard,39,"VIDEO_GAMES,YOGA,ART,KARAOKE,COOKING,MUSIC"
33,Nicole Silva,39,"VIDEO_GAMES,TENNIS,RUN,EXTREME,SHOPPING,SWIMMING,MUSIC,COOKING,TRAVELLING,ART"
34,Michael Avila,38,"ART,TRAVELLING,EXTREME,VIDEO_GAMES,RUN,SWIMMING,DRINK,SHOPPING,MUSIC"
35,Katherine Huber,21,"TRAVELLING,TENNIS,YOGA,SHOPPING,PHOTOGRAPHY,VIDEO_GAMES,DRINK,KARAOKE,ART"
36,John Moody,20,"TENNIS,VIDEO_GAMES,YOGA,KARAOKE,RUN,ART,TRAVELLING,EXTREME,COOKING,MUSIC"
37,Erik Chapman,20,MUSIC
38,Gregory Turner,38,"COOKING,TRAVELLING,SWIMMING,VIDEO_GAMES,MUSIC,EXTREME"
39,Sarah Mosley,40,"COOKING,PHOTOGRAPHY,ART,VIDEO_GAMES,DRINK,MUSIC,RUN,SWIMMING"
40,Elizabeth Fox,39,"SHOPPING,YOGA,MUSIC,KARAOKE,TRAVELLING,TENNIS"
41,Julia Alexander,34,"ART,RUN,COOKING,SWIMMING,KARAOKE,YOGA,TRAVELLING,EXTREME,PHOTOGRAPHY,TENNIS"
42,Carl Johnson,25,"SWIMMING,COOKING,MUSIC,RUN,YOGA,ART,SHOPPING,TENNIS,EXTREME"
43,Cheryl Torres,21,"ART,PHOTOGRAPHY,YOGA,COOKING,SHOPPING,VIDEO_GAMES,RUN,DRINK,TRAVELLING"
44,Carol Lane,35,"DRINK,SWIMMING,RUN,TENNIS,VIDEO_GAMES,KARAOKE,PHOTOGRAPHY,COOKING,MUSIC"
45,Keith James,26,"EXTREME,ART,COOKING"
46,Patrick Cummings,20,"PHOTOGRAPHY,SWIMMING,MUSIC,TRAVELLING,KARAOKE,SHOPPING,VIDEO_GAMES,EXTREME"
47,Stuart Wong,33,"COOKING,VIDEO_GAMES,PHOTOGRAPHY,SHOPPING,DRINK,RUN,SWIMMING,MUSIC,TENNIS"
48,Michael Turner,27,"ART,TRAVELLING,YOGA,VIDEO_GAMES,PHOTOGRAPHY,TENNIS,SHOPPING,MUSIC,RUN,SWIMMING"
49,Joshua Vaughn,35,"VIDEO_GAMES,SWIMMING"
50,Heidi Nguyen,18,"TENNIS,ART,MUSIC,SHOPPING,COOKING,TRAVELLING"
51,Angela Rodgers,20,"RUN,YOGA,MUSIC,COOKING,TENNIS,SHOPPING"
52,Kevin Cain,34,SHOPPING
53,Charles Williams,36,"MUSIC,TENNIS,YOGA"
54,Christopher Long,21,"MUSIC,ART,EXTREME,COOKING,RUN,TRAVELLING,VIDEO_GAMES,KARAOKE"
55,Robert Frazier,30,"MUSIC,COOKING,PHOTOGRAPHY,RUN,SHOPPING,EXTREME"
56,Norma Martinez,26,"TENNIS,MUSIC,SHOPPING,COOKING,KARAOKE,TRAVELLING"
57,Christopher Perez,25,"PHOTOGRAPHY,YOGA,RUN,EXTREME,DRINK,TRAVELLING,COOKING,MUSIC"
58,Veronica Hudson,26,"MUSIC,VIDEO_GAMES,TENNIS"
59,Alexis Lawson,34,"MUSIC,RUN,SHOPPING,YOGA,EXTREME,KARAOKE,ART"
60,Michael Clark,40,"YOGA,SHOPPING,RUN,PHOTOGRAPHY,COOKING,VIDEO_GAMES"
61,Chelsea Gibson,32,"EXTREME,TENNIS,COOKING,VIDEO_GAMES,SWIMMING,MUSIC,YOGA"
62,Alexandra Wade,18,"RUN,SWIMMING,VIDEO_GAMES,COOKING,KARAOKE,TRAVELLING,PHOTOGRAPHY,DRINK"
63,Katherine Rios,37,TENNIS
64,Joseph Banks,40,"KARAOKE,TRAVELLING,RUN,MUSIC,EXTREME,VIDEO_GAMES,PHOTOGRAPHY,ART,TENNIS,SHOPPING"
65,Stephen Greene,28,"EXTREME,VIDEO_GAMES,ART,PHOTOGRAPHY,RUN"
66,Angela Ryan,33,"COOKING,RUN,TRAVELLING,DRINK,MUSIC,KARAOKE,SHOPPING,PHOTOGRAPHY,EXTREME"
67,Kevin Ruiz,27,"PHOTOGRAPHY,ART,VIDEO_GAMES,TENNIS"
68,John Williams III,30,"PHOTOGRAPHY,COOKING,SHOPPING,YOGA,KARAOKE,ART,MUSIC"
69,Ms. Robin Morris,25,"ART,COOKING,MUSIC,TRAVELLING,RUN,EXTREME,SHOPPING,YOGA,VIDEO_GAMES,KARAOKE"
70,Jacob Washington,22,"YOGA,RUN,TENNIS"
71,Jennifer Olsen,23,"KARAOKE,TENNIS,EXTREME,DRINK,SHOPPING"
72,Ryan Perez,20,"COOKING,SWIMMING"
73,Nicholas Gibson,31,"COOKING,EXTREME,SWIMMING,RUN,YOGA,MUSIC,PHOTOGRAPHY"
74,Paul Wolf,27,"RUN,DRINK,TENNIS,SHOPPING,ART,PHOTOGRAPHY"
75,Amy Arnold,28,"COOKING,RUN,EXTREME,KARAOKE,VIDEO_GAMES,PHOTOGRAPHY,SHOPPING,TENNIS,YOGA,SWIMMING"
76,Michelle Gutierrez,28,"TRAVELLING,SWIMMING"
77,Kimberly Dean,19,"RUN,VIDEO_GAMES,KARAOKE,DRINK,COOKING,EXTREME,TRAVELLING,SHOPPING"
78,Jacob Mitchell,35,"MUSIC,ART,RUN,TENNIS,YOGA,TRAVELLING,KARAOKE,SWIMMING,SHOPPING"
79,Pamela Mcintyre,37,"SWIMMING,MUSIC,RUN,SHOPPING,YOGA,COOKING,PHOTOGRAPHY,EXTREME"
80,Joshua White,36,"EXTREME,SHOPPING,SWIMMING,TENNIS,RUN,MUSIC,DRINK,PHOTOGRAPHY"
81,Jamie Carlson,31,"VIDEO_GAMES,TENNIS"
82,Joshua Knight,24,"EXTREME,SHOPPING,TENNIS,SWIMMING,MUSIC,KARAOKE,VIDEO_GAMES,RUN,PHOTOGRAPHY"
83,David Peters,26,"PHOTOGRAPHY,TENNIS"
84,Jessica Gilmore,31,"VIDEO_GAMES,EXTREME,SHOPPING,TRAVELLING"
85,Olivia Mcpherson,18,"KARAOKE,RUN,EXTREME,VIDEO_GAMES"
86,Joshua Murray,26,"SHOPPING,YOGA,COOKING,MUSIC,ART"
87,Paul Fleming,21,"ART,PHOTOGRAPHY,EXTREME,KARAOKE"
88,Jeremy Nelson,31,"PHOTOGRAPHY,EXTREME,ART,TENNIS,MUSIC"
89,Dylan Garcia,22,"VIDEO_GAMES,KARAOKE,TENNIS,DRINK,SWIMMING"
90,Kathleen Ramirez,33,"DRINK,EXTREME,ART,COOKING,KARAOKE,TENNIS,PHOTOGRAPHY,MUSIC,RUN"
91,Luis Smith,29,"COOKING,VIDEO_GAMES,DRINK,SHOPPING,EXTREME,ART,KARAOKE"
92,Ashley Strong,27,"RUN,COOKING"
93,Bradley Brandt,28,"EXTREME,TENNIS,MUSIC,PHOTOGRAPHY"
94,Omar Harding,32,"TENNIS,MUSIC,SHOPPING,TRAVELLING"
95,Heather Green,38,"RUN,YOGA,DRINK,COOKING,SWIMMING,TRAVELLING,MUSIC"
96,Lindsey Rojas,31,YOGA
97,Lisa Morgan,36,"TRAVELLING,ART,SWIMMING,KARAOKE,TENNIS"
98,Christopher Smith,19,"KARAOKE,RUN,DRINK,SHOPPING,TRAVELLING,EXTREME,SWIMMING"
99,Douglas Phillips,31,"COOKING,TENNIS,SHOPPING,ART,KARAOKE,YOGA"
100,Robin Fry,39,"EXTREME,YOGA,KARAOKE,RUN,TENNIS,PHOTOGRAPHY,MUSIC,DRINK"
